lat,lon,Straßenname,Anzahl Fußgänger pro Tag,Anzahl Fahrradfahrer pro Tag,Durchschnittliche tägl. Verkehrsstärke unmotorisiert (DTV),Anzahl PKW pro Tag,"Anzahl schwere  LKW (> 3,5t) pro Tag","Anzahl leichte LKW (< 3,5t) pro Tag",Anzahl Motorräder pro Tag,Anzahl Busse pro Tag,Durchschnittliche tägl. Verkehrsstärke motorisiert (DTVm),Entsprechend Legende in der Karte (für uns zur Orientierung),NACHTS,pedestrian_night,bike_night,mean_unmotorized_night,car_night,truck_night,van_night,motorbike_night,bus_night,mean_motorized_night
52.52888,13.40953,Schönhauser Allee,29870.0,2934.0,32804.0,15258.0,402.0,1379.0,244.0,175.0,17458.0,15>20,,1493.5,29.34,1522.84,762.9,4.02,20.685,4.88,8.0,800.4849999999999
52.5294,13.41,Schönhauser Allee,29870.0,2934.0,32804.0,15258.0,402.0,1379.0,244.0,175.0,17458.0,15>20,,1493.5,29.34,1522.84,762.9,4.02,20.685,4.88,8.0,800.4849999999999
52.53,13.41047,Schönhauser Allee,29870.0,2934.0,32804.0,15258.0,402.0,1379.0,244.0,175.0,17458.0,15>20,,1493.5,29.34,1522.84,762.9,4.02,20.685,4.88,8.0,800.4849999999999
52.53047,13.41094,Schönhauser Allee,29870.0,2934.0,32804.0,15258.0,402.0,1379.0,244.0,175.0,17458.0,15>20,,1493.5,29.34,1522.84,762.9,4.02,20.685,4.88,8.0,800.4849999999999
52.53063,13.41107,Schönhauser Allee,23238.0,2778.0,26016.0,12729.0,396.0,1157.0,205.0,161.0,14648.0,10>15,,1161.9,27.78,1189.68,636.45,3.96,17.355,4.1,8.0,669.8650000000001
52.53073,13.41125,Schönhauser Allee,23238.0,2778.0,26016.0,12729.0,396.0,1157.0,205.0,161.0,14648.0,10>15,,1161.9,27.78,1189.68,636.45,3.96,17.355,4.1,8.0,669.8650000000001
52.5312,13.41206,Schönhauser Allee,23238.0,2778.0,26016.0,12729.0,396.0,1157.0,205.0,161.0,14648.0,10>15,,1161.9,27.78,1189.68,636.45,3.96,17.355,4.1,8.0,669.8650000000001
52.53165,13.41227,Schönhauser Allee,23238.0,2778.0,26016.0,12729.0,396.0,1157.0,205.0,161.0,14648.0,10>15,,1161.9,27.78,1189.68,636.45,3.96,17.355,4.1,8.0,669.8650000000001
52.53204,13.41232,Schönhauser Allee,23238.0,2778.0,26016.0,12729.0,396.0,1157.0,205.0,161.0,14648.0,10>15,,1161.9,27.78,1189.68,636.45,3.96,17.355,4.1,8.0,669.8650000000001
52.53264,13.41266,Schönhauser Allee,23238.0,2778.0,26016.0,12729.0,396.0,1157.0,205.0,161.0,14648.0,10>15,,1161.9,27.78,1189.68,636.45,3.96,17.355,4.1,8.0,669.8650000000001
52.53282,13.41266,Schönhauser Allee,32105.0,2989.0,35094.0,15606.0,392.0,1407.0,249.0,160.0,17814.0,15>20,,1605.25,29.89,1635.14,780.3,3.92,21.105,4.98,8.0,818.305
52.53326,13.41283,Schönhauser Allee,32105.0,2989.0,35094.0,15606.0,392.0,1407.0,249.0,160.0,17814.0,15>20,,1605.25,29.89,1635.14,780.3,3.92,21.105,4.98,8.0,818.305
52.53394,13.41275,Schönhauser Allee,32105.0,2989.0,35094.0,15606.0,392.0,1407.0,249.0,160.0,17814.0,15>20,,1605.25,29.89,1635.14,780.3,3.92,21.105,4.98,8.0,818.305
52.53493,13.41253,Schönhauser Allee,32105.0,2989.0,35094.0,15606.0,392.0,1407.0,249.0,160.0,17814.0,15>20,,1605.25,29.89,1635.14,780.3,3.92,21.105,4.98,8.0,818.305
52.53608,13.41236,Schönhauser Allee,32105.0,2989.0,35094.0,15606.0,392.0,1407.0,249.0,160.0,17814.0,15>20,,1605.25,29.89,1635.14,780.3,3.92,21.105,4.98,8.0,818.305
52.53794,13.41227,Schönhauser Allee,32105.0,2989.0,35094.0,15606.0,392.0,1407.0,249.0,160.0,17814.0,15>20,,1605.25,29.89,1635.14,780.3,3.92,21.105,4.98,8.0,818.305
52.53807,13.41227,Schönhauser Allee,37905.0,3235.0,41140.0,18875.0,518.0,1704.0,302.0,173.0,21572.0,20>30,,1895.25,32.35,1927.6,943.75,5.18,25.56,6.04,8.0,988.5299999999999
52.53969,13.41223,Schönhauser Allee,37905.0,3235.0,41140.0,18875.0,518.0,1704.0,302.0,173.0,21572.0,20>30,,1895.25,32.35,1927.6,943.75,5.18,25.56,6.04,8.0,988.5299999999999
52.54109,13.4121,Schönhauser Allee,37905.0,3202.0,41107.0,18527.0,465.0,1669.0,296.0,169.0,21126.0,20>30,,1895.25,32.02,1927.27,926.35,4.65,25.035,5.92,8.0,969.9549999999999
52.54188,13.41215,Schönhauser Allee,37905.0,3202.0,41107.0,18527.0,465.0,1669.0,296.0,169.0,21126.0,20>30,,1895.25,32.02,1927.27,926.35,4.65,25.035,5.92,8.0,969.9549999999999
52.54297,13.41227,Schönhauser Allee,37905.0,3202.0,41107.0,18527.0,465.0,1669.0,296.0,169.0,21126.0,20>30,,1895.25,32.02,1927.27,926.35,4.65,25.035,5.92,8.0,969.9549999999999
52.54368,13.41232,Schönhauser Allee,37905.0,3202.0,41107.0,18527.0,465.0,1669.0,296.0,169.0,21126.0,20>30,,1895.25,32.02,1927.27,926.35,4.65,25.035,5.92,8.0,969.9549999999999
52.54449,13.41253,Schönhauser Allee,37905.0,3202.0,41107.0,18527.0,465.0,1669.0,296.0,169.0,21126.0,20>30,,1895.25,32.02,1927.27,926.35,4.65,25.035,5.92,8.0,969.9549999999999
52.5453,13.41283,Schönhauser Allee,37905.0,3202.0,41107.0,18527.0,465.0,1669.0,296.0,169.0,21126.0,20>30,,1895.25,32.02,1927.27,926.35,4.65,25.035,5.92,8.0,969.9549999999999
52.54689,13.41318,Schönhauser Allee,37905.0,3202.0,41107.0,18527.0,465.0,1669.0,296.0,169.0,21126.0,20>30,,1895.25,32.02,1927.27,926.35,4.65,25.035,5.92,8.0,969.9549999999999
52.54767,13.41339,Schönhauser Allee,37905.0,3202.0,41107.0,18527.0,465.0,1669.0,296.0,169.0,21126.0,20>30,,1895.25,32.02,1927.27,926.35,4.65,25.035,5.92,8.0,969.9549999999999
52.54778,13.41343,Schönhauser Allee,39950.0,3905.0,43855.0,20763.0,517.0,1858.0,329.0,47.0,23514.0,20>30,,1997.5,39.05,2036.55,1038.15,5.17,27.87,6.58,4.0,1081.77
52.54877,13.41361,Schönhauser Allee,39950.0,3905.0,43855.0,20763.0,517.0,1858.0,329.0,47.0,23514.0,20>30,,1997.5,39.05,2036.55,1038.15,5.17,27.87,6.58,4.0,1081.77
52.55065,13.41391,Schönhauser Allee,39950.0,3905.0,43855.0,20763.0,517.0,1858.0,329.0,47.0,23514.0,20>30,,1997.5,39.05,2036.55,1038.15,5.17,27.87,6.58,4.0,1081.77
52.55075,13.41395,Schönhauser Allee,39950.0,3878.0,43828.0,20263.0,481.0,1811.0,321.0,46.0,22922.0,20>30,,1997.5,38.78,2036.28,1013.15,4.81,27.165,6.42,4.0,1055.545
52.55143,13.41412,Schönhauser Allee,39950.0,3878.0,43828.0,20263.0,481.0,1811.0,321.0,46.0,22922.0,20>30,,1997.5,38.78,2036.28,1013.15,4.81,27.165,6.42,4.0,1055.545
52.55213,13.41425,Schönhauser Allee,39950.0,3878.0,43828.0,20263.0,481.0,1811.0,321.0,46.0,22922.0,20>30,,1997.5,38.78,2036.28,1013.15,4.81,27.165,6.42,4.0,1055.545
52.55289,13.41438,Schönhauser Allee,39950.0,3878.0,43828.0,20263.0,481.0,1811.0,321.0,46.0,22922.0,20>30,,1997.5,38.78,2036.28,1013.15,4.81,27.165,6.42,4.0,1055.545
52.55367,13.41455,Schönhauser Allee,39950.0,3878.0,43828.0,20263.0,481.0,1811.0,321.0,46.0,22922.0,20>30,,1997.5,38.78,2036.28,1013.15,4.81,27.165,6.42,4.0,1055.545
52.55386,13.41459,Schönhauser Allee,36112.0,3117.0,39229.0,17536.0,459.0,1516.0,200.0,239.0,19950.0,15>20,,1805.6,31.17,1836.77,876.8,4.59,22.74,4.0,8.0,916.13
52.55451,13.41472,Schönhauser Allee,36112.0,3117.0,39229.0,17536.0,459.0,1516.0,200.0,239.0,19950.0,15>20,,1805.6,31.17,1836.77,876.8,4.59,22.74,4.0,8.0,916.13
52.55508,13.41468,Schönhauser Allee,36112.0,3117.0,39229.0,17536.0,459.0,1516.0,200.0,239.0,19950.0,15>20,,1805.6,31.17,1836.77,876.8,4.59,22.74,4.0,8.0,916.13
52.52671,13.41532,Prenzlauer Allee,38343.0,3642.0,41985.0,19869.0,556.0,1830.0,324.0,579.0,23158.0,20>30,,1917.15,36.42,1953.5700000000002,993.45,5.56,27.45,6.48,8.0,1040.94
52.52718,13.41588,Prenzlauer Allee,38343.0,3642.0,41985.0,19869.0,556.0,1830.0,324.0,579.0,23158.0,20>30,,1917.15,36.42,1953.5700000000002,993.45,5.56,27.45,6.48,8.0,1040.94
52.52849,13.41704,Prenzlauer Allee,37985.0,3455.0,41440.0,19285.0,530.0,1745.0,309.0,221.0,22090.0,20>30,,1899.25,34.55,1933.8,964.25,5.3,26.175,6.18,8.0,1009.9049999999999
52.52982,13.41833,Prenzlauer Allee,37985.0,3455.0,41440.0,19285.0,530.0,1745.0,309.0,221.0,22090.0,20>30,,1899.25,34.55,1933.8,964.25,5.3,26.175,6.18,8.0,1009.9049999999999
52.5306,13.41901,Prenzlauer Allee,37985.0,3455.0,41440.0,19285.0,530.0,1745.0,309.0,221.0,22090.0,20>30,,1899.25,34.55,1933.8,964.25,5.3,26.175,6.18,8.0,1009.9049999999999
52.53178,13.41983,Prenzlauer Allee,37985.0,3455.0,41440.0,19285.0,530.0,1745.0,309.0,221.0,22090.0,20>30,,1899.25,34.55,1933.8,964.25,5.3,26.175,6.18,8.0,1009.9049999999999
52.53366,13.42086,Prenzlauer Allee,37985.0,3455.0,41440.0,19285.0,530.0,1745.0,309.0,221.0,22090.0,20>30,,1899.25,34.55,1933.8,964.25,5.3,26.175,6.18,8.0,1009.9049999999999
52.53559,13.42215,Prenzlauer Allee,37985.0,3455.0,41440.0,19285.0,530.0,1745.0,309.0,221.0,22090.0,20>30,,1899.25,34.55,1933.8,964.25,5.3,26.175,6.18,8.0,1009.9049999999999
52.53721,13.423,Prenzlauer Allee,37985.0,3455.0,41440.0,19285.0,530.0,1745.0,309.0,221.0,22090.0,20>30,,1899.25,34.55,1933.8,964.25,5.3,26.175,6.18,8.0,1009.9049999999999
52.53734,13.42313,Prenzlauer Allee,42998.0,4368.0,47366.0,22424.0,641.0,2025.0,359.0,179.0,25628.0,20>30,,2149.9,43.68,2193.58,1121.2,6.41,30.375,7.18,8.0,1173.1650000000002
52.53843,13.42373,Prenzlauer Allee,42998.0,4368.0,47366.0,22424.0,641.0,2025.0,359.0,179.0,25628.0,20>30,,2149.9,43.68,2193.58,1121.2,6.41,30.375,7.18,8.0,1173.1650000000002
52.53927,13.42421,Prenzlauer Allee,42998.0,4368.0,47366.0,22424.0,641.0,2025.0,359.0,179.0,25628.0,20>30,,2149.9,43.68,2193.58,1121.2,6.41,30.375,7.18,8.0,1173.1650000000002
52.54102,13.42528,Prenzlauer Allee,42998.0,4368.0,47366.0,22424.0,641.0,2025.0,359.0,179.0,25628.0,20>30,,2149.9,43.68,2193.58,1121.2,6.41,30.375,7.18,8.0,1173.1650000000002
52.54117,13.42532,Prenzlauer Allee,34536.0,3126.0,37662.0,17623.0,485.0,1597.0,283.0,222.0,20210.0,20>30,,1726.8,31.26,1758.06,881.15,4.85,23.955,5.66,8.0,923.615
52.54235,13.42596,Prenzlauer Allee,34536.0,3126.0,37662.0,17623.0,485.0,1597.0,283.0,222.0,20210.0,20>30,,1726.8,31.26,1758.06,881.15,4.85,23.955,5.66,8.0,923.615
52.5437,13.42687,Prenzlauer Allee,34536.0,3126.0,37662.0,17623.0,485.0,1597.0,283.0,222.0,20210.0,20>30,,1726.8,31.26,1758.06,881.15,4.85,23.955,5.66,8.0,923.615
52.54477,13.42738,Prenzlauer Allee,34536.0,3126.0,37662.0,17623.0,485.0,1597.0,283.0,222.0,20210.0,20>30,,1726.8,31.26,1758.06,881.15,4.85,23.955,5.66,8.0,923.615
52.54566,13.42777,Prenzlauer Allee,34536.0,3126.0,37662.0,17623.0,485.0,1597.0,283.0,222.0,20210.0,20>30,,1726.8,31.26,1758.06,881.15,4.85,23.955,5.66,8.0,923.615
52.54587,13.42785,Prenzlauer Allee,42534.0,4368.0,46902.0,22424.0,641.0,2025.0,359.0,179.0,25628.0,20>30,,2126.7,43.68,2170.3799999999997,1121.2,6.41,30.375,7.18,8.0,1173.1650000000002
52.54673,13.42811,Prenzlauer Allee,42534.0,4368.0,46902.0,22424.0,641.0,2025.0,359.0,179.0,25628.0,20>30,,2126.7,43.68,2170.3799999999997,1121.2,6.41,30.375,7.18,8.0,1173.1650000000002
52.54751,13.4285,Prenzlauer Allee,42534.0,4368.0,46902.0,22424.0,641.0,2025.0,359.0,179.0,25628.0,20>30,,2126.7,43.68,2170.3799999999997,1121.2,6.41,30.375,7.18,8.0,1173.1650000000002
52.54788,13.42871,Prenzlauer Allee,43205.0,4423.0,47628.0,23298.0,939.0,2040.0,268.0,295.0,26840.0,20>30,,2160.25,44.23,2204.48,1164.9,9.39,30.6,5.36,8.0,1218.25
52.54882,13.42901,Prenzlauer Allee,43205.0,4423.0,47628.0,23298.0,939.0,2040.0,268.0,295.0,26840.0,20>30,,2160.25,44.23,2204.48,1164.9,9.39,30.6,5.36,8.0,1218.25
52.54929,13.42927,Prenzlauer Allee,42987.0,4376.0,47363.0,22673.0,969.0,1990.0,262.0,288.0,26182.0,20>30,,2149.35,43.76,2193.11,1133.65,9.69,29.85,5.24,8.0,1186.43
52.54997,13.42966,Prenzlauer Allee,42987.0,4376.0,47363.0,22673.0,969.0,1990.0,262.0,288.0,26182.0,20>30,,2149.35,43.76,2193.11,1133.65,9.69,29.85,5.24,8.0,1186.43
52.55099,13.43004,Prenzlauer Allee,42987.0,4376.0,47363.0,22673.0,969.0,1990.0,262.0,288.0,26182.0,20>30,,2149.35,43.76,2193.11,1133.65,9.69,29.85,5.24,8.0,1186.43
52.5514,13.43026,Prenzlauer Allee,43125.0,4301.0,47426.0,22270.0,820.0,2025.0,359.0,154.0,25628.0,20>30,,2156.25,43.01,2199.26,1113.5,8.2,30.375,7.18,8.0,1167.255
52.55187,13.43039,Prenzlauer Allee,43125.0,4301.0,47426.0,22270.0,820.0,2025.0,359.0,154.0,25628.0,20>30,,2156.25,43.01,2199.26,1113.5,8.2,30.375,7.18,8.0,1167.255
52.55268,13.43013,Prenzlauer Allee,43987.0,4410.0,48397.0,23273.0,857.0,2116.0,375.0,161.0,26782.0,20>30,,2199.35,44.1,2243.45,1163.65,8.57,31.74,7.5,8.0,1219.46
52.55286,13.43008,Prenzlauer Allee,43987.0,4410.0,48397.0,23273.0,857.0,2116.0,375.0,161.0,26782.0,20>30,,2199.35,44.1,2243.45,1163.65,8.57,31.74,7.5,8.0,1219.46
52.53311,13.40434,Kastanienallee,2834.0,367.0,3201.0,1593.0,71.0,151.0,19.0,74.0,1908.0,<5,,141.7,3.67,145.36999999999998,79.65,0.71,2.265,0.38,4.0,87.005
52.53371,13.40481,Kastanienallee,2357.0,312.0,2669.0,1071.0,46.0,103.0,13.0,74.0,1307.0,<5,,117.85,3.12,120.97,53.55,0.46,1.545,0.26,4.0,59.815
52.5341,13.40519,Kastanienallee,2268.0,304.0,2572.0,1051.0,41.0,101.0,13.0,74.0,1280.0,<5,,113.4,3.04,116.44000000000001,52.55,0.41,1.515,0.26,4.0,58.73499999999999
52.53436,13.40549,Kastanienallee,1968.0,299.0,2267.0,1038.0,54.0,101.0,13.0,74.0,1280.0,<5,,98.4,2.99,101.39,51.9,0.54,1.515,0.26,4.0,58.214999999999996
52.5347,13.40575,Kastanienallee,10128.0,1080.0,11208.0,4948.0,239.0,445.0,57.0,11.0,5700.0,5>10,,506.4,10.8,517.1999999999999,247.4,2.39,6.675,1.14,0.0,257.60499999999996
52.53504,13.4061,Kastanienallee,10128.0,1080.0,11208.0,4948.0,239.0,445.0,57.0,11.0,5700.0,5>10,,506.4,10.8,517.1999999999999,247.4,2.39,6.675,1.14,0.0,257.60499999999996
52.53551,13.40652,Kastanienallee,10128.0,1080.0,11208.0,4948.0,239.0,445.0,57.0,11.0,5700.0,5>10,,506.4,10.8,517.1999999999999,247.4,2.39,6.675,1.14,0.0,257.60499999999996
52.53587,13.40687,Kastanienallee,4185.0,654.0,4839.0,2154.0,98.0,198.0,25.0,38.0,2513.0,<5,,209.25,6.54,215.79,107.7,0.98,2.97,0.5,4.0,116.15
52.53603,13.407,Kastanienallee,4185.0,654.0,4839.0,2154.0,98.0,198.0,25.0,38.0,2513.0,,,209.25,6.54,215.79,107.7,0.98,2.97,0.5,4.0,116.15
52.53627,13.40725,Kastanienallee,16247.0,1927.0,18174.0,7389.0,286.0,657.0,84.0,8.0,8424.0,5>10,,812.35,19.27,831.62,369.45,2.86,9.855,1.68,0.0,383.845
52.53668,13.40768,Kastanienallee,16247.0,1927.0,18174.0,7389.0,286.0,657.0,84.0,8.0,8424.0,5>10,,812.35,19.27,831.62,369.45,2.86,9.855,1.68,0.0,383.845
52.53728,13.40833,Kastanienallee,16247.0,1927.0,18174.0,7389.0,286.0,657.0,84.0,8.0,8424.0,5>10,,812.35,19.27,831.62,369.45,2.86,9.855,1.68,0.0,383.845
52.5376,13.40863,Kastanienallee,16247.0,1927.0,18174.0,7389.0,286.0,657.0,84.0,8.0,8424.0,5>10,,812.35,19.27,831.62,369.45,2.86,9.855,1.68,0.0,383.845
52.53799,13.40901,Kastanienallee,16247.0,1927.0,18174.0,7389.0,286.0,657.0,84.0,8.0,8424.0,5>10,,812.35,19.27,831.62,369.45,2.86,9.855,1.68,0.0,383.845
52.53838,13.40944,Kastanienallee,10528.0,1517.0,12045.0,5617.0,272.0,504.0,65.0,6.0,6464.0,5>10,,526.4,15.17,541.5699999999999,280.85,2.72,7.56,1.3,0.0,292.43000000000006
52.53882,13.40996,Kastanienallee,10528.0,1517.0,12045.0,5617.0,272.0,504.0,65.0,6.0,6464.0,5>10,,526.4,15.17,541.5699999999999,280.85,2.72,7.56,1.3,0.0,292.43000000000006
52.53927,13.41039,Kastanienallee,10528.0,1517.0,12045.0,5617.0,272.0,504.0,65.0,6.0,6464.0,5>10,,526.4,15.17,541.5699999999999,280.85,2.72,7.56,1.3,0.0,292.43000000000006
52.53963,13.41082,Kastanienallee,10528.0,1517.0,12045.0,5617.0,272.0,504.0,65.0,6.0,6464.0,5>10,,526.4,15.17,541.5699999999999,280.85,2.72,7.56,1.3,0.0,292.43000000000006
52.54002,13.41125,Kastanienallee,10528.0,1517.0,12045.0,5617.0,272.0,504.0,65.0,6.0,6464.0,5>10,,526.4,15.17,541.5699999999999,280.85,2.72,7.56,1.3,0.0,292.43000000000006
52.54029,13.4115,Kastanienallee,10528.0,1517.0,12045.0,5617.0,272.0,504.0,65.0,6.0,6464.0,5>10,,526.4,15.17,541.5699999999999,280.85,2.72,7.56,1.3,0.0,292.43000000000006
52.54055,13.4118,Kastanienallee,10528.0,1517.0,12045.0,5617.0,272.0,504.0,65.0,6.0,6464.0,5>10,,526.4,15.17,541.5699999999999,280.85,2.72,7.56,1.3,0.0,292.43000000000006
52.54081,13.4121,Kastanienallee,10528.0,1517.0,12045.0,5617.0,272.0,504.0,65.0,6.0,6464.0,5>10,,526.4,15.17,541.5699999999999,280.85,2.72,7.56,1.3,0.0,292.43000000000006
52.54107,13.41223,Kastanienallee,10528.0,1517.0,12045.0,5617.0,272.0,504.0,65.0,6.0,6464.0,5>10,,526.4,15.17,541.5699999999999,280.85,2.72,7.56,1.3,0.0,292.43000000000006
52.54128,13.41245,Kastanienallee,10528.0,1517.0,12045.0,5617.0,272.0,504.0,65.0,6.0,6464.0,5>10,,526.4,15.17,541.5699999999999,280.85,2.72,7.56,1.3,0.0,292.43000000000006
52.54149,13.4127,Pappelallee,13754.0,1927.0,15681.0,7389.0,286.0,657.0,84.0,8.0,8424.0,5>10,,687.7,19.27,706.97,369.45,2.86,9.855,1.68,0.0,383.845
52.54159,13.41288,Pappelallee,13754.0,1927.0,15681.0,7389.0,286.0,657.0,84.0,8.0,8424.0,5>10,,687.7,19.27,706.97,369.45,2.86,9.855,1.68,0.0,383.845
52.54344,13.41498,Pappelallee,12874.0,1798.0,14672.0,6667.0,552.0,592.0,112.0,72.0,7995.0,5>10,,643.7,17.98,661.6800000000001,333.35,5.52,8.88,2.24,4.0,353.99
52.54352,13.41498,Pappelallee,12874.0,1798.0,14672.0,6667.0,552.0,592.0,112.0,72.0,7995.0,5>10,,643.7,17.98,661.6800000000001,333.35,5.52,8.88,2.24,4.0,353.99
52.54457,13.41609,Pappelallee,14928.0,1902.0,16830.0,7363.0,628.0,654.0,124.0,71.0,8840.0,5>10,,746.4,19.02,765.42,368.15,6.28,9.81,2.48,4.0,390.71999999999997
52.54537,13.41704,Pappelallee,14928.0,1902.0,16830.0,7363.0,628.0,654.0,124.0,71.0,8840.0,5>10,,746.4,19.02,765.42,368.15,6.28,9.81,2.48,4.0,390.71999999999997
52.54655,13.41824,Pappelallee,14928.0,1902.0,16830.0,7363.0,628.0,654.0,124.0,71.0,8840.0,5>10,,746.4,19.02,765.42,368.15,6.28,9.81,2.48,4.0,390.71999999999997
52.54791,13.4197,Pappelallee,5862.0,867.0,6729.0,3388.0,289.0,301.0,57.0,37.0,4072.0,<5,,293.1,8.67,301.77000000000004,169.4,2.89,4.515,1.14,4.0,181.94499999999996
52.54798,13.41987,Pappelallee,5862.0,867.0,6729.0,3388.0,289.0,301.0,57.0,37.0,4072.0,<5,,293.1,8.67,301.77000000000004,169.4,2.89,4.515,1.14,4.0,181.94499999999996
52.54806,13.41991,Stahlheimer Str.,14128.0,1798.0,15926.0,6667.0,552.0,592.0,112.0,72.0,7995.0,5>10,,706.4,17.98,724.38,333.35,5.52,8.88,2.24,4.0,353.99
52.54845,13.4203,Stahlheimer Str.,14128.0,1798.0,15926.0,6667.0,552.0,592.0,112.0,72.0,7995.0,5>10,,706.4,17.98,724.38,333.35,5.52,8.88,2.24,4.0,353.99
52.54874,13.42056,Stahlheimer Str.,6312.0,844.0,7156.0,3252.0,156.0,289.0,38.0,65.0,3800.0,<5,,315.6,8.44,324.04,162.6,1.56,4.335,0.76,4.0,173.255
52.5501,13.4221,Stahlheimer Str.,6312.0,844.0,7156.0,3252.0,156.0,289.0,38.0,65.0,3800.0,<5,,315.6,8.44,324.04,162.6,1.56,4.335,0.76,4.0,173.255
52.55117,13.42322,Stahlheimer Str.,6312.0,844.0,7156.0,3252.0,156.0,289.0,38.0,65.0,3800.0,<5,,315.6,8.44,324.04,162.6,1.56,4.335,0.76,4.0,173.255
52.5525,13.42463,Stahlheimer Str.,6312.0,844.0,7156.0,3252.0,156.0,289.0,38.0,65.0,3800.0,<5,,315.6,8.44,324.04,162.6,1.56,4.335,0.76,4.0,173.255
52.54104,13.41215,Danziger Str.,25632.0,2890.0,28522.0,13430.0,460.0,1212.0,215.0,31.0,15348.0,15>20,,1281.6,28.9,1310.5,671.5,4.6,18.18,4.3,4.0,702.5799999999999
52.54091,13.41318,Danziger Str.,25632.0,2890.0,28522.0,13430.0,460.0,1212.0,215.0,31.0,15348.0,15>20,,1281.6,28.9,1310.5,671.5,4.6,18.18,4.3,4.0,702.5799999999999
52.54089,13.41322,Danziger Str.,25566.0,2762.0,28328.0,12783.0,438.0,1154.0,204.0,29.0,14608.0,10>15,,1278.3,27.62,1305.9199999999998,639.15,4.38,17.31,4.08,4.0,668.92
52.54083,13.41356,Danziger Str.,25566.0,2762.0,28328.0,12783.0,438.0,1154.0,204.0,29.0,14608.0,10>15,,1278.3,27.62,1305.9199999999998,639.15,4.38,17.31,4.08,4.0,668.92
52.54078,13.41386,Danziger Str.,27164.0,2813.0,29977.0,13238.0,423.0,1192.0,211.0,30.0,15094.0,15>20,,1358.2,28.13,1386.3300000000002,661.9,4.23,17.88,4.22,4.0,692.23
52.54076,13.41459,Danziger Str.,27164.0,2813.0,29977.0,13238.0,423.0,1192.0,211.0,30.0,15094.0,15>20,,1358.2,28.13,1386.3300000000002,661.9,4.23,17.88,4.22,4.0,692.23
52.54062,13.41506,Danziger Str.,24963.0,2762.0,27725.0,12783.0,438.0,1154.0,204.0,29.0,14608.0,10>15,,1248.15,27.62,1275.77,639.15,4.38,17.31,4.08,4.0,668.92
52.54042,13.41631,Danziger Str.,24963.0,2762.0,27725.0,12783.0,438.0,1154.0,204.0,29.0,14608.0,10>15,,1248.15,27.62,1275.77,639.15,4.38,17.31,4.08,4.0,668.92
52.54002,13.41884,Danziger Str.,27195.0,2813.0,30008.0,13238.0,423.0,1192.0,211.0,30.0,15094.0,15>20,,1359.75,28.13,1387.88,661.9,4.23,17.88,4.22,4.0,692.23
52.53953,13.4218,Danziger Str.,27195.0,2813.0,30008.0,13238.0,423.0,1192.0,211.0,30.0,15094.0,15>20,,1359.75,28.13,1387.88,661.9,4.23,17.88,4.22,4.0,692.23
52.53953,13.42206,Danziger Str.,24187.0,2762.0,26949.0,12783.0,438.0,1154.0,204.0,29.0,14608.0,10>15,,1209.35,27.62,1236.9699999999998,639.15,4.38,17.31,4.08,4.0,668.92
52.53927,13.42382,Danziger Str.,24187.0,2762.0,26949.0,12783.0,438.0,1154.0,204.0,29.0,14608.0,10>15,,1209.35,27.62,1236.9699999999998,639.15,4.38,17.31,4.08,4.0,668.92
52.53919,13.42421,Danziger Str.,38621.0,3559.0,42180.0,19596.0,672.0,1769.0,314.0,45.0,22396.0,20>30,,1931.05,35.59,1966.6399999999999,979.8,6.72,26.535,6.28,4.0,1023.3349999999999
52.53843,13.42648,Danziger Str.,39418.0,3578.0,42996.0,19619.0,672.0,1769.0,314.0,22.0,22396.0,20>30,,1970.9,35.78,2006.68,980.95,6.72,26.535,6.28,4.0,1024.4850000000001
52.53783,13.42837,Danziger Str.,39124.0,3559.0,42683.0,19596.0,672.0,1769.0,314.0,45.0,22396.0,20>30,,1956.2,35.59,1991.79,979.8,6.72,26.535,6.28,4.0,1023.3349999999999
52.53705,13.43051,Danziger Str.,37958.0,3401.0,41359.0,18993.0,741.0,1721.0,305.0,22.0,21782.0,20>30,,1897.9,34.01,1931.91,949.65,7.41,25.815,6.1,4.0,992.975
52.53647,13.43214,Danziger Str.,37120.0,3992.0,41112.0,18943.0,739.0,1718.0,304.0,44.0,21748.0,20>30,,1856.0,39.92,1895.92,947.15,7.39,25.77,6.08,4.0,990.39
52.53629,13.43275,Danziger Str.,42517.0,4072.0,46589.0,20921.0,866.0,1900.0,337.0,24.0,24048.0,20>30,,2125.85,40.72,2166.5699999999997,1046.05,8.66,28.5,6.74,4.0,1093.95
52.53598,13.43356,Danziger Str.,42517.0,4072.0,46589.0,20921.0,866.0,1900.0,337.0,24.0,24048.0,20>30,,2125.85,40.72,2166.5699999999997,1046.05,8.66,28.5,6.74,4.0,1093.95
52.53567,13.43433,Danziger Str.,37951.0,3999.0,41950.0,18971.0,741.0,1721.0,305.0,44.0,21782.0,20>30,,1897.55,39.99,1937.54,948.55,7.41,25.815,6.1,4.0,991.875
52.53415,13.43734,Danziger Str.,37105.0,3986.0,41091.0,18943.0,739.0,1718.0,304.0,44.0,21748.0,20>30,,1855.25,39.86,1895.11,947.15,7.39,25.77,6.08,4.0,990.39
52.53337,13.43897,Danziger Str.,36924.0,3938.0,40862.0,18423.0,696.0,1667.0,295.0,21.0,21102.0,20>30,,1846.2,39.38,1885.5800000000002,921.15,6.96,25.005,5.9,4.0,963.015
52.53222,13.44141,Danziger Str.,36924.0,3938.0,40862.0,18423.0,696.0,1667.0,295.0,21.0,21102.0,20>30,,1846.2,39.38,1885.5800000000002,921.15,6.96,25.005,5.9,4.0,963.015
52.53201,13.44154,Danziger Str.,41657.0,4011.0,45668.0,21125.0,798.0,1912.0,339.0,24.0,24198.0,20>30,,2082.85,40.11,2122.96,1056.25,7.98,28.68,6.78,4.0,1103.69
52.53039,13.44339,Danziger Str.,41657.0,4011.0,45668.0,21125.0,798.0,1912.0,339.0,24.0,24198.0,20>30,,2082.85,40.11,2122.96,1056.25,7.98,28.68,6.78,4.0,1103.69
52.52862,13.44532,Danziger Str.,41657.0,4011.0,45668.0,21101.0,798.0,1912.0,339.0,48.0,24198.0,20>30,,2082.85,40.11,2122.96,1055.05,7.98,28.68,6.78,4.0,1102.49
52.52653,13.44755,Danziger Str.,41657.0,4011.0,45668.0,21101.0,798.0,1912.0,339.0,48.0,24198.0,20>30,,2082.85,40.11,2122.96,1055.05,7.98,28.68,6.78,4.0,1102.49
52.52715,13.38726,Torstr.,38892.0,3430.0,42322.0,19446.0,606.0,1772.0,314.0,292.0,22430.0,20>30,,1944.6,34.3,1978.8999999999999,972.3,6.06,26.58,6.28,8.0,1019.2199999999999
52.52822,13.39245,Torstr.,38892.0,3430.0,42322.0,19446.0,606.0,1772.0,314.0,292.0,22430.0,20>30,,1944.6,34.3,1978.8999999999999,972.3,6.06,26.58,6.28,8.0,1019.2199999999999
52.52898,13.39567,Torstr.,38892.0,3430.0,42322.0,19446.0,606.0,1772.0,314.0,292.0,22430.0,20>30,,1944.6,34.3,1978.8999999999999,972.3,6.06,26.58,6.28,8.0,1019.2199999999999
52.52945,13.39756,Torstr.,38892.0,3430.0,42322.0,19446.0,606.0,1772.0,314.0,292.0,22430.0,20>30,,1944.6,34.3,1978.8999999999999,972.3,6.06,26.58,6.28,8.0,1019.2199999999999
52.52963,13.40133,Torstr.,38892.0,3430.0,42322.0,19446.0,606.0,1772.0,314.0,292.0,22430.0,20>30,,1944.6,34.3,1978.8999999999999,972.3,6.06,26.58,6.28,8.0,1019.2199999999999
52.52969,13.40146,Torstr.,54218.0,5373.0,59591.0,27815.0,1298.0,2564.0,454.0,325.0,32456.0,30>40,,2710.9,53.73,2764.63,1390.75,12.98,38.46,9.08,8.0,1459.27
52.52979,13.40343,Torstr.,54912.0,5373.0,60285.0,27848.0,1298.0,2564.0,454.0,292.0,32456.0,30>40,,2745.6,53.73,2799.33,1392.4,12.98,38.46,9.08,8.0,1460.92
52.52966,13.40459,Torstr.,54912.0,5373.0,60285.0,27848.0,1298.0,2564.0,454.0,292.0,32456.0,30>40,,2745.6,53.73,2799.33,1392.4,12.98,38.46,9.08,8.0,1460.92
52.52948,13.40545,Torstr.,57614.0,5884.0,63498.0,29755.0,852.0,2693.0,477.0,307.0,34084.0,30>40,,2880.7,58.84,2939.54,1487.75,8.52,40.395,9.54,8.0,1554.205
52.52911,13.40768,Torstr.,57614.0,5884.0,63498.0,29755.0,852.0,2693.0,477.0,307.0,34084.0,30>40,,2880.7,58.84,2939.54,1487.75,8.52,40.395,9.54,8.0,1554.205
52.52877,13.40944,Torstr.,56958.0,5672.0,62630.0,28478.0,849.0,2580.0,457.0,294.0,32658.0,30>40,,2847.9,56.72,2904.62,1423.9,8.49,38.7,9.14,8.0,1488.2300000000002
52.52849,13.41112,Torstr.,56958.0,5672.0,62630.0,28478.0,849.0,2580.0,457.0,294.0,32658.0,30>40,,2847.9,56.72,2904.62,1423.9,8.49,38.7,9.14,8.0,1488.2300000000002
52.52828,13.41189,Torstr.,54128.0,5226.0,59354.0,27205.0,843.0,2468.0,437.0,281.0,31234.0,30>40,,2706.4,52.26,2758.6600000000003,1360.25,8.43,37.02,8.74,8.0,1422.44
52.52783,13.41339,Torstr.,54128.0,5226.0,59354.0,27205.0,843.0,2468.0,437.0,281.0,31234.0,30>40,,2706.4,52.26,2758.6600000000003,1360.25,8.43,37.02,8.74,8.0,1422.44
52.52752,13.41459,Torstr.,38624.0,3402.0,42026.0,19312.0,740.0,1772.0,314.0,292.0,22430.0,20>30,,1931.2,34.02,1965.22,965.6,7.4,26.58,6.28,8.0,1013.86
52.52715,13.41532,Torstr.,37952.0,3430.0,41382.0,19446.0,606.0,1772.0,314.0,292.0,22430.0,20>30,,1897.6,34.3,1931.8999999999999,972.3,6.06,26.58,6.28,8.0,1019.2199999999999
52.527,13.41579,Torstr.,37952.0,3430.0,41382.0,19446.0,606.0,1772.0,314.0,292.0,22430.0,20>30,,1897.6,34.3,1931.8999999999999,972.3,6.06,26.58,6.28,8.0,1019.2199999999999
52.52679,13.41627,Torstr.,37952.0,3430.0,41382.0,19446.0,606.0,1772.0,314.0,292.0,22430.0,20>30,,1897.6,34.3,1931.8999999999999,972.3,6.06,26.58,6.28,8.0,1019.2199999999999
52.52671,13.41635,Mollstr.,44201.0,4398.0,48599.0,23107.0,1507.0,2205.0,391.0,698.0,27908.0,20>30,,2210.05,43.98,2254.03,1155.35,15.07,33.075,7.82,8.0,1219.3149999999998
52.52601,13.41781,Mollstr.,44201.0,4398.0,48599.0,23107.0,1507.0,2205.0,391.0,698.0,27908.0,20>30,,2210.05,43.98,2254.03,1155.35,15.07,33.075,7.82,8.0,1219.3149999999998
52.52525,13.41979,Mollstr.,44201.0,4398.0,48599.0,23107.0,1507.0,2205.0,391.0,698.0,27908.0,20>30,,2210.05,43.98,2254.03,1155.35,15.07,33.075,7.82,8.0,1219.3149999999998
52.52507,13.42017,Mollstr.,59841.0,6015.0,65856.0,32039.0,1408.0,2926.0,519.0,148.0,37040.0,30>40,,2992.05,60.15,3052.2000000000003,1601.95,14.08,43.89,10.38,8.0,1678.3000000000002
52.52457,13.42142,Mollstr.,59841.0,6015.0,65856.0,32039.0,1408.0,2926.0,519.0,148.0,37040.0,30>40,,2992.05,60.15,3052.2000000000003,1601.95,14.08,43.89,10.38,8.0,1678.3000000000002
52.52363,13.42408,Mollstr.,59841.0,6015.0,65856.0,32039.0,1408.0,2926.0,519.0,148.0,37040.0,30>40,,2992.05,60.15,3052.2000000000003,1601.95,14.08,43.89,10.38,8.0,1678.3000000000002
52.52329,13.42532,Mollstr.,59841.0,6015.0,65856.0,32039.0,1408.0,2926.0,519.0,148.0,37040.0,30>40,,2992.05,60.15,3052.2000000000003,1601.95,14.08,43.89,10.38,8.0,1678.3000000000002
52.55519,13.39135,Bornholmer Str.,48517.0,4927.0,53444.0,25357.0,1114.0,2374.0,410.0,59.0,29314.0,20>30,,2425.85,49.27,2475.12,1267.85,11.14,35.61,8.2,4.0,1326.8
52.5587,13.3944,Bornholmer Str.,48517.0,4927.0,53444.0,25357.0,1114.0,2374.0,410.0,59.0,29314.0,20>30,,2425.85,49.27,2475.12,1267.85,11.14,35.61,8.2,4.0,1326.8
52.55468,13.39786,Bornholmer Str.,48517.0,4927.0,53444.0,25357.0,1114.0,2374.0,410.0,59.0,29314.0,20>30,,2425.85,49.27,2475.12,1267.85,11.14,35.61,8.2,4.0,1326.8
52.55443,13.4005,Bornholmer Str.,48517.0,4927.0,53444.0,25357.0,1114.0,2374.0,410.0,59.0,29314.0,20>30,,2425.85,49.27,2475.12,1267.85,11.14,35.61,8.2,4.0,1326.8
52.55427,13.40322,Bornholmer Str.,48517.0,4927.0,53444.0,25357.0,1114.0,2374.0,410.0,59.0,29314.0,20>30,,2425.85,49.27,2475.12,1267.85,11.14,35.61,8.2,4.0,1326.8
52.55405,13.40657,Bornholmer Str.,48517.0,4927.0,53444.0,25357.0,1114.0,2374.0,410.0,59.0,29314.0,20>30,,2425.85,49.27,2475.12,1267.85,11.14,35.61,8.2,4.0,1326.8
52.55382,13.41054,Bornholmer Str.,48517.0,4927.0,53444.0,25357.0,1114.0,2374.0,410.0,59.0,29314.0,20>30,,2425.85,49.27,2475.12,1267.85,11.14,35.61,8.2,4.0,1326.8
52.55363,13.41388,Bornholmer Str.,48517.0,4927.0,53444.0,25357.0,1114.0,2374.0,410.0,59.0,29314.0,20>30,,2425.85,49.27,2475.12,1267.85,11.14,35.61,8.2,4.0,1326.8
52.55356,13.41498,Wisbyer Str.,53628.0,5349.0,58977.0,27313.0,707.0,2399.0,308.0,31.0,30758.0,30>40,,2681.4,53.49,2734.89,1365.65,7.07,35.985,6.16,4.0,1418.865
52.55344,13.41622,Wisbyer Str.,53628.0,5349.0,58977.0,27313.0,707.0,2399.0,308.0,31.0,30758.0,30>40,,2681.4,53.49,2734.89,1365.65,7.07,35.985,6.16,4.0,1418.865
52.55326,13.41783,Wisbyer Str.,53628.0,5349.0,58977.0,27313.0,707.0,2399.0,308.0,31.0,30758.0,30>40,,2681.4,53.49,2734.89,1365.65,7.07,35.985,6.16,4.0,1418.865
52.55301,13.41991,Wisbyer Str.,53628.0,5349.0,58977.0,27313.0,707.0,2399.0,308.0,31.0,30758.0,30>40,,2681.4,53.49,2734.89,1365.65,7.07,35.985,6.16,4.0,1418.865
52.55286,13.42146,Wisbyer Str.,53628.0,5349.0,58977.0,27313.0,707.0,2399.0,308.0,31.0,30758.0,30>40,,2681.4,53.49,2734.89,1365.65,7.07,35.985,6.16,4.0,1418.865
52.55272,13.42266,Wisbyer Str.,53628.0,5349.0,58977.0,27313.0,707.0,2399.0,308.0,31.0,30758.0,30>40,,2681.4,53.49,2734.89,1365.65,7.07,35.985,6.16,4.0,1418.865
52.55255,13.42423,Wisbyer Str.,53628.0,5349.0,58977.0,27313.0,707.0,2399.0,308.0,31.0,30758.0,30>40,,2681.4,53.49,2734.89,1365.65,7.07,35.985,6.16,4.0,1418.865
52.55249,13.42491,Wisbyer Str.,51120.0,5126.0,56246.0,26439.0,686.0,2325.0,298.0,60.0,29808.0,20>30,,2556.0,51.26,2607.26,1321.95,6.86,34.875,5.96,4.0,1373.645
52.55239,13.42575,Wisbyer Str.,51120.0,5126.0,56246.0,26439.0,686.0,2325.0,298.0,60.0,29808.0,20>30,,2556.0,51.26,2607.26,1321.95,6.86,34.875,5.96,4.0,1373.645
52.55225,13.42682,Wisbyer Str.,51120.0,5126.0,56246.0,26439.0,686.0,2325.0,298.0,60.0,29808.0,20>30,,2556.0,51.26,2607.26,1321.95,6.86,34.875,5.96,4.0,1373.645
52.55213,13.4273,Wisbyer Str.,53207.0,5270.0,58477.0,27282.0,738.0,2399.0,308.0,31.0,30758.0,30>40,,2660.35,52.7,2713.0499999999997,1364.1,7.38,35.985,6.16,4.0,1417.625
52.55166,13.42852,Wisbyer Str.,53207.0,5270.0,58477.0,27282.0,738.0,2399.0,308.0,31.0,30758.0,30>40,,2660.35,52.7,2713.0499999999997,1364.1,7.38,35.985,6.16,4.0,1417.625
52.55113,13.42978,Wisbyer Str.,53207.0,5270.0,58477.0,27282.0,738.0,2399.0,308.0,31.0,30758.0,30>40,,2660.35,52.7,2713.0499999999997,1364.1,7.38,35.985,6.16,4.0,1417.625
52.55066,13.43099,Ostseestr.,49187.0,4614.0,53801.0,24712.0,957.0,2139.0,282.0,56.0,28146.0,20>30,,2459.35,46.14,2505.49,1235.6,9.57,32.085,5.64,4.0,1286.895
52.54992,13.43287,Ostseestr.,49187.0,4614.0,53801.0,24712.0,957.0,2139.0,282.0,56.0,28146.0,20>30,,2459.35,46.14,2505.49,1235.6,9.57,32.085,5.64,4.0,1286.895
52.5489,13.43551,Ostseestr.,49187.0,4614.0,53801.0,24712.0,957.0,2139.0,282.0,56.0,28146.0,20>30,,2459.35,46.14,2505.49,1235.6,9.57,32.085,5.64,4.0,1286.895
52.54797,13.43783,Ostseestr.,49187.0,4614.0,53801.0,24712.0,957.0,2139.0,282.0,56.0,28146.0,20>30,,2459.35,46.14,2505.49,1235.6,9.57,32.085,5.64,4.0,1286.895
52.54682,13.44023,Ostseestr.,45108.0,4335.0,49443.0,22972.0,895.0,2052.0,263.0,132.0,26314.0,20>30,,2255.4,43.35,2298.75,1148.6,8.95,30.78,5.26,8.0,1201.59
52.5459,13.44309,Ostseestr.,45108.0,4335.0,49443.0,22972.0,895.0,2052.0,263.0,132.0,26314.0,20>30,,2255.4,43.35,2298.75,1148.6,8.95,30.78,5.26,8.0,1201.59
52.55054,13.41427,Wichertstr.,19247.0,2026.0,21273.0,10785.0,306.0,966.0,171.0,0.0,12228.0,10>15,,962.35,20.26,982.61,539.25,3.06,14.49,3.42,0.0,560.2199999999999
52.54989,13.41697,Wichertstr.,21905.0,2532.0,24437.0,11873.0,337.0,1064.0,188.0,0.0,13462.0,10>15,,1095.25,25.32,1120.57,593.65,3.37,15.96,3.76,0.0,616.74
52.5493,13.41882,Wichertstr.,21905.0,2532.0,24437.0,11873.0,337.0,1064.0,188.0,0.0,13462.0,10>15,,1095.25,25.32,1120.57,593.65,3.37,15.96,3.76,0.0,616.74
52.54858,13.42082,Wichertstr.,23917.0,2771.0,26688.0,12613.0,356.0,1054.0,199.0,14.0,14236.0,10>15,,1195.85,27.71,1223.56,630.65,3.56,15.81,3.98,0.0,653.9999999999999
52.5474,13.42358,Wichertstr.,23917.0,2771.0,26688.0,12613.0,356.0,1054.0,199.0,14.0,14236.0,10>15,,1195.85,27.71,1223.56,630.65,3.56,15.81,3.98,0.0,653.9999999999999
52.54616,13.42648,Wichertstr.,23917.0,2771.0,26688.0,12613.0,356.0,1054.0,199.0,14.0,14236.0,10>15,,1195.85,27.71,1223.56,630.65,3.56,15.81,3.98,0.0,653.9999999999999
52.55123,13.40466,Schivelbeiner Str.,16354.0,1945.0,18299.0,8727.0,306.0,740.0,99.0,0.0,9872.0,5>10,,817.7,19.45,837.1500000000001,436.35,3.06,11.1,1.98,0.0,452.49000000000007
52.55108,13.4067,Schivelbeiner Str.,16354.0,1945.0,18299.0,8727.0,306.0,740.0,99.0,0.0,9872.0,5>10,,817.7,19.45,837.1500000000001,436.35,3.06,11.1,1.98,0.0,452.49000000000007
52.55091,13.40925,Schivelbeiner Str.,16872.0,1997.0,18869.0,9075.0,318.0,770.0,103.0,0.0,10266.0,10>15,,843.6,19.97,863.57,453.75,3.18,11.55,2.06,0.0,470.54
52.55071,13.41187,Schivelbeiner Str.,22809.0,2083.0,24892.0,11017.0,323.0,930.0,124.0,12.0,12406.0,10>15,,1140.45,20.83,1161.28,550.85,3.23,13.95,2.48,0.0,570.5100000000001
